{
  "classes":16,
  "label2train":[
    [0, 255],
    [1, 255],
    [2, 1],
    [3, 4],
    [4, 255],
    [5, 255],
    [6, 3],
    [7, 255],
    [8, 255],
    [9, 1],
    [10, 255],
    [11, 255],
    [12, 255],
    [13, 0],
    [14, 255],
    [15, 1],
    [16, 255],
    [17, 2],
    [18, 255],
    [19, 11],
    [20, 12],
    [21, 12],
    [22, 255],
    [23, 0],
    [24, 0],
    [25, 255],
    [26, 255],
    [27, 10],
    [28, 255],
    [29, 9],
    [30, 8],
    [31, 255],
    [32, 255],
    [33, 255],
    [34, 255],
    [35, 255],
    [36, 255],
    [37, 255],
    [38, 255],
    [39, 255],
    [40, 255],
    [41, 255],
    [42, 255],
    [43, 255],
    [44, 5],
    [45, 5],
    [46, 5],
    [47, 5],
    [48, 6],
    [49, 7],
    [50, 7],
    [51, 255],
    [52, 15],
    [53, 255],
    [54, 13],
    [55, 13],
    [56, 255],
    [57, 14],
    [58, 255],
    [59, 255],
    [60, 255],
    [61, 13],
    [62, 255],
    [63, 255],
    [64, 13],
    [65, 255]],
  "label":[
    "road",
    "sidewalk",
    "building",
    "wall",
    "fence",
    "pole",
    "light",
    "sign",
    "vegetation",
    "terrain",
    "sky",
    "person",
    "rider",
    "vehicle",
    "motorcycle",
    "bicycle"],
  "palette":[
      [128,64,128],
      [244,35,232],
      [70,70,70],
      [102,102,156],
      [190,153,153],
      [153,153,153],
      [250,170,30],
      [220,220,0],
      [107,142,35],
      [152,251,152],
      [70,130,180],
      [220,20,60],
      [255,0,0],
      [0,0,142],
      [0,0,230],
      [119,11,32]],
  "mean":[
    73.158359210711552,
    82.908917542625858,
    72.392398761941593],
  "std":[
    47.675755341814678,
    48.494214368814916,
    47.736546325441594]
}